{
    "theme": "forest",
    "world": { "width": 3000, "height": 3000 },
    "heroine": {"x": 21, "y": 2900},
    "platforms":[
        {"image": "ground", "x": 0, "y": 2946},
        {"image": "4x1", "x": 450, "y": 2810}
    ],
    "enemies":[
        {
            "class": "basic_shooter",
            "args":{
                "x": 500, 
                "y": 2795, 
                "key": "basic_shooter", 
                "horizontalRange": 50,
                "speed": 100,
                "bullet": "enemy_energy_ball",
                "hp": 15
            }
        },
        {
            "class": "flying_shooter",
            "args":{
                "x": 40,
                "y": 2500,
                "key": "flying_shooter",
                "bullet": "enemy_energy_ball",
                "hp": 20,
                "range": 500
            }
        }
    ],
    "powerups":[
        {
            "class": "levitate",
            "args":{
                "x": 500,
                "y": 2925,
                "duration": 10000,   
                "image": "levitate",
                "radius": 4,
                "offsetX": 0,
                "offsetY": 0
            }
        }
    ]
}